codon_index,category,syn_changes,nonsyn_changes,n_variants,n_sequences,aa_states,codon_counts
4,synonymous-only,1,0,2,8574,I×2,"ATC×8533, ATT×41"
12,synonymous-only,1,0,2,8577,T×2,"ACC×8576, ACT×1"
14,synonymous-only,1,0,2,8577,R×2,"CGA×8576, AGA×1"
15,synonymous-only,1,0,2,8577,E×2,"GAA×8305, GAG×272"
16,nonsynonymous-only,0,1,3,8577,"L×2, F×1","TTA×8573, CTA×3, TTC×1"
19,nonsynonymous-only,0,1,2,8577,"E×1, K×1","GAG×8576, AAG×1"
27,nonsynonymous-only,0,1,2,8577,"E×1, K×1","GAA×8574, AAA×3"
28,nonsynonymous-only,0,1,2,8577,"P×1, T×1","ACG×8576, CCG×1"
31,nonsynonymous-only,0,1,2,8577,"I×1, T×1","ACA×8576, ATA×1"
32,synonymous-only,1,0,2,8577,T×2,"ACC×8573, ACA×4"
37,nonsynonymous-only,0,1,2,8577,"I×1, V×1","GTA×8574, ATA×3"
40,nonsynonymous-only,0,1,2,8577,"D×1, Y×1","GAT×8576, TAT×1"
44,nonsynonymous-only,0,1,3,8577,"E×2, D×1","GAG×8573, GAA×2, GAT×2"
46,nonsynonymous-only,0,1,3,8577,"P×2, T×1","CCT×4484, CCC×4092, ACT×1"
49,nonsynonymous-only,0,1,3,8577,"V×2, G×1","GTC×7179, GTT×1397, GGC×1"
50,synonymous-only,1,0,2,8577,L×2,"TTG×8571, TTA×6"
51,nonsynonymous-only,0,1,2,8577,"L×1, M×1","ATG×8572, TTG×5"
54,nonsynonymous-only,0,1,2,8577,"D×1, N×1","AAT×8576, GAT×1"
57,synonymous-only,1,0,3,8577,V×3,"GTG×5916, GTT×2624, GTA×37"
58,synonymous-only,1,0,2,8577,Y×2,"TAC×8527, TAT×50"
59,nonsynonymous-only,0,1,3,8577,"D×2, Y×1","GAT×4584, GAC×3992, TAT×1"
62,nonsynonymous-only,0,1,2,8577,"H×1, Y×1","TAT×8573, CAT×4"
64,synonymous-only,1,0,2,8577,C×2,"TGT×8572, TGC×5"
67,nonsynonymous-only,0,1,2,8577,"I×1, V×1","ATT×8565, GTT×12"
70,nonsynonymous-only,0,1,2,8577,"I×1, V×1","GTT×8571, ATT×6"
74,nonsynonymous-only,0,1,2,8577,"A×1, P×1","CCA×8571, GCA×6"
80,synonymous-only,1,0,2,8577,S×2,"AGT×8570, AGC×7"
83,synonymous-only,1,0,2,8577,T×2,"ACC×8576, ACG×1"
91,nonsynonymous-only,0,1,2,8577,"I×1, M×1","ATG×8576, ATA×1"
92,synonymous-only,1,0,2,8577,N×2,"AAC×8576, AAT×1"
94,synonymous-only,1,0,2,8577,G×2,"GGC×8535, GGT×42"
95,nonsynonymous-only,0,1,3,8577,"A×2, T×1","GCG×8574, ACG×2, GCC×1"
97,nonsynonymous-only,0,1,2,8577,"D×1, E×1","GAT×8558, GAA×19"
99,synonymous-only,1,0,2,8577,V×2,"GTT×6957, GTC×1620"
101,synonymous-only,1,0,2,8577,K×2,"AAA×8576, AAG×1"
105,synonymous-only,1,0,2,8577,I×2,"ATA×8483, ATT×94"
106,nonsynonymous-only,0,1,2,8577,"D×1, G×1","GAT×8576, GGT×1"
109,nonsynonymous-only,0,1,2,8577,"I×1, M×1","ATT×8574, ATG×3"
111,nonsynonymous-only,0,1,2,8577,"E×1, K×1","AAA×8576, GAA×1"
112,nonsynonymous-only,0,1,2,8577,"I×1, M×1","ATC×8427, ATG×150"
113,nonsynonymous-only,0,1,2,8577,"I×1, N×1","AAT×8576, ATT×1"
115,nonsynonymous-only,0,1,3,8577,"L×2, V×1","TTG×8572, TTA×4, GTG×1"
117,synonymous-only,1,0,2,8577,R×2,"CGC×8449, CGT×128"
118,synonymous-only,1,0,2,8577,R×2,"CGC×8576, CGT×1"
123,synonymous-only,1,0,2,8577,S×2,"TCC×8552, TCT×25"
125,synonymous-only,1,0,3,8577,T×3,"ACG×8306, ACA×270, ACT×1"
129,nonsynonymous-only,0,1,4,8577,"V×2, A×1, E×1","GTG×8574, GAG×1, GCG×1, GTA×1"
131,nonsynonymous-only,0,1,2,8577,"L×1, S×1","TCA×8576, TTA×1"
132,nonsynonymous-only,0,1,2,8577,"H×1, Y×1","CAT×8576, TAT×1"
140,nonsynonymous-only,0,1,3,8577,"D×2, N×1","GAC×8572, GAT×4, AAC×1"
143,synonymous-only,1,0,2,8577,R×2,"CGA×8079, CGG×498"
147,nonsynonymous-only,0,1,4,8577,"K×2, E×1, R×1","AAA×6085, AGA×2484, GAA×7, AAG×1"
148,nonsynonymous-only,0,1,4,8577,"G×3, D×1","GGC×6975, GGT×1599, GAC×2, GGA×1"
158,nonsynonymous-only,0,1,3,8577,"Y×2, N×1","TAC×8573, TAT×3, AAC×1"
160,synonymous-only,1,0,2,8577,L×2,"TTA×8576, CTA×1"
161,synonymous-only,1,0,2,8577,L×2,"CTG×8056, CTA×521"
163,nonsynonymous-only,0,1,2,8577,"F×1, L×1","CTT×8576, TTT×1"
164,synonymous-only,1,0,2,8577,L×2,"TTA×8576, TTG×1"
166,synonymous-only,1,0,2,8577,K×2,"AAA×8575, AAG×2"
167,synonymous-only,1,0,2,8577,K×2,"AAG×7031, AAA×1546"
168,nonsynonymous-only,0,1,3,8577,"H×2, N×1","CAC×8548, AAC×16, CAT×13"
173,nonsynonymous-only,0,1,2,8577,"I×1, T×1","ACA×8576, ATA×1"
174,nonsynonymous-only,0,1,3,8577,"R×2, L×1","CGT×8575, CGC×1, CTT×1"
176,synonymous-only,1,0,2,8577,K×2,"AAA×8576, AAG×1"
177,synonymous-only,1,0,2,8577,L×2,"CTA×8571, TTA×6"
179,synonymous-only,1,0,2,8577,R×2,"CGC×8576, CGT×1"
181,synonymous-only,1,0,2,8577,L×2,"TTA×8409, TTG×168"
183,synonymous-only,1,0,2,8577,D×2,"GAC×8457, GAT×120"
184,nonsynonymous-only,0,1,2,8577,"D×1, N×1","GAT×8575, AAT×2"
189,nonsynonymous-only,0,1,2,8577,"D×1, N×1","GAT×8576, AAT×1"
190,synonymous-only,1,0,2,8577,D×2,"GAC×8574, GAT×3"
193,synonymous-only,1,0,3,8577,L×3,"TTG×7174, CTG×1402, TTA×1"
195,nonsynonymous-only,0,1,2,8577,"A×1, V×1","GTA×8576, GCA×1"
197,synonymous-only,1,0,3,8577,I×3,"ATC×8550, ATT×26, ATA×1"
200,synonymous-only,1,0,2,8577,L×2,"TTA×8576, CTA×1"
201,synonymous-only,1,0,2,8577,R×2,"CGA×8538, AGA×39"
202,nonsynonymous-only,0,1,2,8564,"K×1, N×1","AAA×8563, AAT×1"
204,nonsynonymous-only,0,1,2,8577,"F×1, I×1","ATT×8576, TTT×1"
207,nonsynonymous-only,0,1,3,8575,"A×2, V×1","GCA×7940, GCG×580, GTA×55"
208,nonsynonymous-only,0,1,3,8575,"G×2, S×1","GGG×6146, GGC×2428, AGC×1"
211,nonsynonymous-only,0,1,3,8575,"D×1, G×1, S×1","GGC×8572, AGC×2, GAC×1"
214,nonsynonymous-only,0,1,2,8575,"E×1, K×1","GAA×8574, AAA×1"
215,nonsynonymous-only,0,1,3,8575,"T×2, I×1","ACC×8571, ACT×3, ATC×1"
217,synonymous-only,1,0,3,8575,V×3,"GTG×8533, GTC×41, GTA×1"
218,nonsynonymous-only,0,1,4,8575,"G×2, A×1, S×1","GGC×8482, AGC×47, GGT×45, GCC×1"
219,nonsynonymous-only,0,1,2,8575,"I×1, V×1","GTC×8574, ATC×1"
223,synonymous-only,1,0,3,8575,V×3,"GTG×8556, GTA×17, GTT×2"
224,synonymous-only,1,0,2,8575,P×2,"CCC×8574, CCT×1"
